layer,normal_hp_min,normal_hp_max,elite_hp_min,elite_hp_max,swordsman_attack,swordsman_heavy,guardian_shield,boss_hp,boss_heavy
1,34,38,48,60,6,12,8,200,18
2,40,46,54,68,6,12,8,200,18
3,43,49,57,71,6,12,8,200,18
4,46,56,60,78,6,12,8,200,18
5,49,59,63,81,7,14,10,200,18
6,52,62,66,84,7,14,10,200,18
7,55,65,69,87,7,14,10,200,18
8,58,68,72,90,7,14,10,200,18
9,61,71,75,93,8,16,12,200,18
10,64,74,78,96,8,16,12,200,18
11,67,77,81,99,8,16,12,200,18
12,70,80,84,102,8,16,12,200,18
13,73,83,87,105,9,18,14,200,18
14,76,86,90,108,9,18,14,260,22
15,79,89,93,111,9,18,14,260,22
16,82,92,96,114,9,18,14,260,22
17,85,95,99,117,10,20,16,260,22
18,88,98,102,120,10,20,16,260,22
19,91,101,105,123,10,20,16,320,26
